{"cameraMode":{"drawMode":0,"name":"Shaded","section":"Shading Mode"},"sceneLighting":true,"audioPlay":false,"sceneViewState":{"showFog":false,"showMaterialUpdate":false,"showSkybox":false,"showFlares":false,"showImageEffects":false,"showParticleSystems":false},"in2DMode":false,"pivot":{"x":0.7073183655738831,"y":5.801248073577881,"z":-4.151832103729248},"rotation":{"x":-0.09159769862890244,"y":0.042405225336551669,"z":-0.003904162673279643,"w":-0.9948871731758118},"size":31.391300201416017,"orthographic":false}