{"cameraMode":{"drawMode":0,"name":"Shaded","section":"Shading Mode"},"sceneLighting":true,"audioPlay":false,"sceneViewState":{"showFog":false,"showMaterialUpdate":false,"showSkybox":false,"showFlares":false,"showImageEffects":false,"showParticleSystems":false},"in2DMode":false,"pivot":{"x":-3.0894834995269777,"y":-4.2012858390808109,"z":51.33958435058594},"rotation":{"x":-0.04828394949436188,"y":0.017076637595891954,"z":-0.0008265661308541894,"w":-0.9986907243728638},"size":73.75019836425781,"orthographic":false}