{"cameraMode":{"drawMode":0,"name":"Shaded","section":"Shading Mode"},"sceneLighting":true,"audioPlay":false,"sceneViewState":{"showFog":false,"showMaterialUpdate":false,"showSkybox":false,"showFlares":false,"showImageEffects":false,"showParticleSystems":false},"in2DMode":false,"pivot":{"x":-2.210419178009033,"y":4.101077556610107,"z":-1.7976841926574708},"rotation":{"x":-0.07508642971515656,"y":0.06337441504001618,"z":-0.004781754221767187,"w":-0.9951511025428772},"size":10.0,"orthographic":false}