{"cameraMode":{"drawMode":0,"name":"Shaded","section":"Shading Mode"},"sceneLighting":true,"audioPlay":false,"sceneViewState":{"showFog":false,"showMaterialUpdate":false,"showSkybox":false,"showFlares":false,"showImageEffects":false,"showParticleSystems":false},"in2DMode":false,"pivot":{"x":3.9206552505493166,"y":10.001516342163086,"z":-0.8856163024902344},"rotation":{"x":-0.013809147290885449,"y":-0.0009025832405313849,"z":0.00001247189811692806,"w":-0.9999061822891235},"size":48.192405700683597,"orthographic":false}