{"cameraMode":{"drawMode":0,"name":"Shaded","section":"Shading Mode"},"sceneLighting":true,"audioPlay":false,"sceneViewState":{"showFog":false,"showMaterialUpdate":false,"showSkybox":false,"showFlares":false,"showImageEffects":false,"showParticleSystems":false},"in2DMode":false,"pivot":{"x":0.4307488203048706,"y":0.5738604068756104,"z":5.16374397277832},"rotation":{"x":-0.022803736850619317,"y":-0.01889634318649769,"z":0.0004313760728109628,"w":-0.9995622038841248},"size":36.28702163696289,"orthographic":false}